ID,이름,성,메일,성별,연락처,국가,생일
8,Hillary,Whittle,hwhittle7@free.fr,Non-binary,800-103-2454,China,09-05-1993
11,Arliene,Dunnett,adunnetta@microsoft.com,Female,799-950-8349,China,10-08-1999
13,Thelma,Hoodlass,thoodlassc@ucsd.edu,Female,627-566-6711,China,16-11-2012
15,Kristal,Herche,kherchee@cbslocal.com,Female,928-973-7589,China,12-11-2016
24,Cherrita,Dyers,cdyersn@wikimedia.org,Female,458-114-4414,China,14-04-2017
29,Cedric,Thring,cthrings@cpanel.net,Male,320-144-8534,China,20-07-2000
30,Lenci,Skipsey,lskipseyt@oaic.gov.au,Male,443-819-1410,China,17-11-2002
39,Brianna,Benez,bbenez12@ustream.tv,Female,143-309-5021,China,10-08-2014
44,Yorke,Hemms,yhemms17@phpbb.com,Male,560-750-1697,China,03-02-1996
53,Rufus,Santello,rsantello1g@trellian.com,Male,716-544-4886,China,27-10-2015
57,Burty,Cutbirth,bcutbirth1k@domainmarket.com,Male,104-338-0122,China,30-01-2005
60,Nikita,Rennolds,nrennolds1n@arizona.edu,Male,939-519-9155,China,11-11-2014
63,Mabel,Ferrarone,mferrarone1q@slate.com,Female,443-669-1163,China,10-02-1995
73,Ezra,Kares,ekares20@unc.edu,Male,835-396-0847,China,22-04-1994
77,Rurik,Farrear,rfarrear24@symantec.com,Male,467-261-5095,China,31-12-1990
81,Murvyn,Longstaff,mlongstaff28@webs.com,Male,321-278-5972,China,31-01-2020
83,Jacynth,Weond,jweond2a@google.ru,Female,710-439-5441,China,07-12-1990
90,Kerry,Kleynen,kkleynen2h@unicef.org,Male,962-254-0894,China,25-10-2002
93,Georgie,Eakly,geakly2k@squidoo.com,Male,627-958-7492,China,03-07-2010
104,Seumas,Suarez,ssuarez2v@nytimes.com,Bigender,161-927-6373,China,02-04-2020
106,Kilian,Pittam,kpittam2x@blogspot.com,Male,417-162-8247,China,09-07-2007
110,Lauren,Eliesco,leliesco31@foxnews.com,Male,712-410-7384,China,06-05-1997
111,Eugene,Moyles,emoyles32@qq.com,Male,106-840-2143,China,06-06-1990
112,Karoline,Hourston,khourston33@eepurl.com,Female,544-597-8074,China,14-11-2017
115,Selby,Caveney,scaveney36@sourceforge.net,Male,559-657-6782,China,03-10-2008
125,Oswald,Domenget,odomenget3g@hp.com,Male,786-183-8601,China,29-06-2015
128,Aarika,Buddle,abuddle3j@indiatimes.com,Female,565-907-3379,China,24-01-2005
137,Lewie,Harness,lharness3s@webs.com,Male,307-119-8396,China,07-10-1993
145,Cybill,Lantaff,clantaff40@sphinn.com,Female,986-596-1507,China,04-04-2014
146,Mac,Warrillow,mwarrillow41@arstechnica.com,Male,930-398-2038,China,27-04-1991
157,Lucretia,Ianno,lianno4c@webnode.com,Female,413-558-8244,China,08-09-1998
164,Arch,Shortell,ashortell4j@toplist.cz,Male,597-612-1921,China,19-01-2009
166,Nicola,Oakenfall,noakenfall4l@goo.ne.jp,Male,315-184-7781,China,06-09-1998
172,Daniel,Duthy,dduthy4r@patch.com,Genderfluid,260-728-3162,China,13-07-2017
173,Daveen,D'Errico,dderrico4s@qq.com,Female,390-851-9424,China,10-08-2015
180,Moishe,Pridham,mpridham4z@japanpost.jp,Genderfluid,444-175-1331,China,13-11-1992
181,Bran,Robbey,brobbey50@scribd.com,Male,506-529-2603,China,22-01-2009
182,Shawn,Ishaki,sishaki51@virginia.edu,Male,116-453-0569,China,17-07-1998
191,Templeton,Foulis,tfoulis5a@newyorker.com,Male,617-126-3288,China,19-10-1994
197,Georgy,Nutkin,gnutkin5g@zdnet.com,Male,831-137-5214,China,19-09-2011
207,Edward,Heater,eheater5q@lulu.com,Male,480-172-3779,China,29-04-2014
216,Veronique,Perrycost,vperrycost5z@flickr.com,Female,753-511-5132,China,07-11-1994
229,Klaus,Lowson,klowson6c@nature.com,Male,947-872-4371,China,13-05-1997
231,Bron,Schneider,bschneider6e@geocities.com,Male,761-921-5730,China,13-12-2007
232,Chen,Tabor,ctabor6f@engadget.com,Male,891-435-7131,China,20-06-1992
233,Lucilia,Agate,lagate6g@sun.com,Female,994-118-8357,China,10-01-1995
234,Berte,Tibbs,btibbs6h@weather.com,Female,356-955-0302,China,05-11-2013
242,Darb,Lippi,dlippi6p@devhub.com,Male,337-473-1727,China,09-04-2013
246,Mannie,Greenhaugh,mgreenhaugh6t@mozilla.com,Male,154-393-6323,China,04-09-1998
265,Marget,Onn,monn7c@baidu.com,Female,695-251-8854,China,12-01-2016
272,Sergei,Piris,spiris7j@berkeley.edu,Male,906-762-7422,China,31-03-1996
278,Abram,McGlew,amcglew7p@businessweek.com,Male,136-681-8355,China,18-04-2000
284,Mirabelle,Bonder,mbonder7v@wix.com,Female,550-281-0512,China,31-08-1990
288,Mercy,Fairburne,mfairburne7z@theguardian.com,Female,155-580-3491,China,07-06-2021
292,Torry,Seagar,tseagar83@hao123.com,Male,947-960-1537,China,28-11-2004
294,Zeb,Tewes,ztewes85@parallels.com,Male,543-246-0684,China,04-01-2012
296,Zaneta,Yorke,zyorke87@stumbleupon.com,Bigender,862-820-7674,China,30-07-2005
300,Marget,Wilmot,mwilmot8b@telegraph.co.uk,Female,887-337-6732,China,03-09-2021
309,Padgett,Fanner,pfanner8k@biglobe.ne.jp,Male,425-477-1576,China,16-10-2000
311,Courtnay,Reuter,creuter8m@thetimes.co.uk,Male,919-188-2511,China,28-11-2018
329,Ninon,Phittiplace,nphittiplace94@facebook.com,Female,661-490-2085,China,01-01-1993
332,Alena,Malthus,amalthus97@samsung.com,Female,544-606-2666,China,30-01-2001
333,Rebecka,Balding,rbalding98@ibm.com,Female,510-494-7329,China,13-10-1990
335,Lilah,Rentz,lrentz9a@123-reg.co.uk,Female,864-606-9350,China,19-12-2020
338,Mozes,Edlyne,medlyne9d@eepurl.com,Male,180-854-7508,China,01-10-2013
342,Waverly,Grosvener,wgrosvener9h@exblog.jp,Male,285-753-6523,China,13-08-2015
359,Demetria,Sedgwick,dsedgwick9y@hao123.com,Female,158-513-7040,China,30-03-2005
377,Alene,Fisher,afisherag@hhs.gov,Female,912-844-1133,China,07-09-1995
382,Genvieve,Bisco,gbiscoal@ucoz.com,Female,823-182-6498,China,30-11-1997
391,Selene,Corness,scornessau@w3.org,Female,782-942-2179,China,22-05-2019
395,Quill,Davidovicz,qdavidoviczay@businesswire.com,Male,452-827-9504,China,27-11-1998
399,Milicent,Cullerne,mcullerneb2@photobucket.com,Female,703-297-8367,China,30-01-1995
405,Larissa,Rubes,lrubesb8@harvard.edu,Genderfluid,244-100-8994,China,03-11-2005
419,Maje,Astles,mastlesbm@nyu.edu,Male,549-914-1929,China,26-06-2008
422,Roxana,Aish,raishbp@dmoz.org,Female,209-548-8501,China,05-07-2004
423,Rubetta,Aireton,rairetonbq@blog.com,Female,499-665-5526,China,08-04-2000
429,Parsifal,Jellett,pjellettbw@smh.com.au,Agender,514-150-6499,China,06-03-2005
430,Marjory,Josifovic,mjosifovicbx@illinois.edu,Female,579-880-4831,China,24-01-1999
433,Cordy,Randalson,crandalsonc0@bandcamp.com,Male,953-224-8072,China,10-05-1997
438,Lou,De Winton,ldewintonc5@issuu.com,Female,827-836-6391,China,02-02-2010
440,Kristina,Woodrow,kwoodrowc7@ox.ac.uk,Female,977-679-4675,China,27-12-2020
444,Jourdain,Soltan,jsoltancb@reuters.com,Male,847-498-3098,China,14-01-2003
457,Dion,Craddock,dcraddockco@npr.org,Male,280-200-9092,China,20-05-2021
459,Nicol,Lockhart,nlockhartcq@usgs.gov,Female,363-729-8528,China,24-12-2007
461,Gilbertine,Linney,glinneycs@pinterest.com,Female,267-347-9941,China,06-05-1997
478,Rozele,Eouzan,reouzand9@cocolog-nifty.com,Female,647-216-3862,China,05-09-1995
488,Cassaundra,Spier,cspierdj@ucsd.edu,Female,433-638-5909,China,06-05-2007
494,Isabelita,Hauger,ihaugerdp@adobe.com,Female,817-165-4973,China,22-12-2000
495,Ellis,McTrustie,emctrustiedq@weather.com,Male,912-714-3598,China,26-06-2004
504,Anett,Hedger,ahedgerdz@engadget.com,Female,627-405-5538,China,21-12-2000
506,Gabie,Dungee,gdungeee1@si.edu,Female,581-212-8874,China,16-11-2005
507,Brandon,Rawdall,brawdalle2@auda.org.au,Male,527-796-2748,China,06-06-2001
517,Umeko,Hudleston,uhudlestonec@oaic.gov.au,Female,106-958-5236,China,23-07-2012
525,Ragnar,Davidoff,rdavidoffek@psu.edu,Male,552-785-4318,China,26-10-1997
538,Hardy,Prati,hpratiex@utexas.edu,Male,747-657-6210,China,05-01-2005
539,Kirk,Koppes,kkoppesey@miitbeian.gov.cn,Male,124-201-1939,China,29-07-2015
540,Ginny,Vankov,gvankovez@si.edu,Female,545-619-5951,China,05-09-1994
554,Happy,Tattershall,htattershallfd@naver.com,Female,100-394-3207,China,16-02-1992
559,Chandal,Guilbert,cguilbertfi@naver.com,Female,735-791-4646,China,26-01-2015
560,Chase,Oakland,coaklandfj@narod.ru,Male,661-729-9215,China,07-07-2010
565,Rubetta,McKeowon,rmckeowonfo@jigsy.com,Female,829-182-0874,China,27-05-2021
566,Olivette,Fransseni,ofranssenifp@ning.com,Female,457-247-8387,China,05-11-2013
569,Alleen,Aldridge,aaldridgefs@nih.gov,Female,509-344-6314,China,14-01-2000
571,Norton,Geard,ngeardfu@nationalgeographic.com,Male,828-870-3353,China,23-06-2013
577,Nonah,Ryland,nrylandg0@opensource.org,Female,816-740-3311,China,14-07-1995
584,Dennis,Shawell,dshawellg7@fc2.com,Male,323-181-6864,China,18-08-2005
586,Montague,Bleackley,mbleackleyg9@bing.com,Male,108-564-1117,China,06-03-2005
589,Leupold,Platt,lplattgc@alexa.com,Male,465-602-0259,China,29-07-2012
604,Odille,Groarty,ogroartygr@prweb.com,Female,140-162-4041,China,23-07-1990
607,Justin,Whatham,jwhathamgu@reuters.com,Male,525-541-3867,China,18-04-2013
608,Sibby,Sarjent,ssarjentgv@gravatar.com,Female,519-787-7196,China,27-06-2014
609,Tiffany,Frondt,tfrondtgw@hexun.com,Female,989-138-9745,China,10-11-2006
617,Margi,Walsh,mwalshh4@unc.edu,Female,607-527-8870,China,08-12-2004
622,Inez,Mandres,imandresh9@jalbum.net,Female,817-892-6982,China,28-03-2001
631,Margaretha,Dunlop,mdunlophi@toplist.cz,Female,760-910-9131,China,05-12-2013
632,Corby,Wince,cwincehj@jiathis.com,Male,978-161-7132,China,10-03-1991
635,Salvador,Orum,sorumhm@hibu.com,Male,656-810-2925,China,08-12-2012
640,Windy,Jouaneton,wjouanetonhr@webeden.co.uk,Female,511-889-3525,China,18-04-2006
641,Sadella,Buntain,sbuntainhs@twitpic.com,Female,361-221-2481,China,25-11-1992
646,Loraine,Katte,lkattehx@tinyurl.com,Female,870-302-7808,China,07-02-2010
653,Felizio,Klyn,fklyni4@wikispaces.com,Male,178-389-1545,China,28-10-2009
654,Priscella,Twede,ptwedei5@hexun.com,Non-binary,881-153-3666,China,26-06-2008
659,Todd,Frankling,tfranklingia@yahoo.com,Male,913-800-6525,China,16-02-2016
660,Artair,Pallis,apallisib@tripadvisor.com,Male,803-449-3542,China,19-05-2010
663,Corey,Severy,cseveryie@yellowbook.com,Female,965-421-4376,China,09-12-2013
664,Carmita,Enos,cenosif@tinypic.com,Female,805-466-0763,China,06-08-1993
666,Sisely,Paris,sparisih@blog.com,Female,104-241-7948,China,18-04-2020
683,Marcella,Pankethman,mpankethmaniy@jugem.jp,Female,143-647-2369,China,05-06-2008
684,Ferdie,Wipfler,fwipfleriz@toplist.cz,Male,232-979-4063,China,07-04-2021
685,Ransom,Gianilli,rgianillij0@washingtonpost.com,Male,350-351-3169,China,08-01-2012
691,Wat,Lippini,wlippinij6@sphinn.com,Male,724-998-1917,China,03-10-1995
705,Gal,Maciunas,gmaciunasjk@mediafire.com,Male,913-720-9612,China,16-09-2011
710,Farlee,Clemo,fclemojp@businesswire.com,Male,924-959-8405,China,22-02-2017
712,Perice,Pentony,ppentonyjr@google.co.jp,Male,812-959-1855,China,02-11-2002
713,Starr,Feild,sfeildjs@omniture.com,Female,883-483-9281,China,27-01-2014
715,Sapphire,Picker,spickerju@ezinearticles.com,Female,991-551-2007,China,27-05-1996
721,Vina,Enderby,venderbyk0@foxnews.com,Female,699-957-1220,China,28-01-2015
732,Agneta,Billitteri,abillitterikb@home.pl,Polygender,230-560-6132,China,12-08-2004
734,Sosanna,Ockland,socklandkd@foxnews.com,Female,747-479-4537,China,19-11-2004
735,Aida,Crutchley,acrutchleyke@google.cn,Female,253-933-6261,China,08-12-2013
736,Cally,Blaszczyk,cblaszczykkf@php.net,Female,364-419-2747,China,13-09-2003
745,Stefano,Dowdell,sdowdellko@about.com,Polygender,345-107-5709,China,02-08-2014
746,Bernardine,Tanton,btantonkp@xrea.com,Female,771-662-8307,China,09-12-2014
751,Mariann,Barks,mbarksku@icq.com,Female,344-189-5193,China,21-02-2002
752,Gordie,Montel,gmontelkv@msu.edu,Male,163-794-7809,China,25-06-1991
755,Aldus,Fortin,afortinky@icio.us,Male,887-356-9124,China,24-11-2021
756,Bowie,Garrould,bgarrouldkz@globo.com,Male,160-961-4468,China,11-11-2008
766,Fidelia,Angove,fangovel9@fda.gov,Female,576-959-7086,China,03-04-1992
771,Andie,Dinnage,adinnagele@patch.com,Male,414-168-5596,China,30-07-2012
774,Bennett,Penketh,bpenkethlh@ihg.com,Male,526-587-9724,China,06-07-1997
775,Katrinka,Burry,kburryli@soup.io,Female,252-897-4509,China,23-07-2001
782,Sapphire,Chaffyn,schaffynlp@ucoz.com,Female,829-364-9470,China,13-11-2015
796,Eda,Planks,eplanksm3@ft.com,Female,176-781-8637,China,28-01-2015
801,Florida,Rraundl,frraundlm8@123-reg.co.uk,Agender,829-680-6099,China,28-09-2008
804,Rosalind,Biswell,rbiswellmb@hhs.gov,Female,442-514-1836,China,26-07-2012
809,Ramona,Tenney,rtenneymg@ustream.tv,Female,214-833-2553,China,21-02-2011
817,Bastien,Burgoine,bburgoinemo@odnoklassniki.ru,Male,423-370-2668,China,20-12-1999
824,Winny,Drowsfield,wdrowsfieldmv@opera.com,Male,482-715-0320,China,30-08-2013
828,Wendye,McErlaine,wmcerlainemz@biblegateway.com,Genderqueer,337-413-9721,China,16-01-2000
835,Lance,Renol,lrenoln6@bloglovin.com,Male,713-545-5228,China,12-05-2002
842,Darcey,Brattell,dbrattellnd@census.gov,Female,861-569-7078,China,01-11-2021
847,Lauree,Le Gassick,llegassickni@blogspot.com,Female,779-528-0549,China,09-03-2018
850,Tanney,Ornillos,tornillosnl@vkontakte.ru,Male,127-311-2934,China,10-06-2015
853,Tawnya,Rosie,trosieno@woothemes.com,Female,276-927-8024,China,15-04-1998
870,Joletta,Tytcomb,jtytcombo5@ebay.com,Female,873-855-5351,China,05-11-2021
882,Ferguson,Burnhard,fburnhardoh@census.gov,Male,164-868-6009,China,13-12-2016
891,Evonne,Aspinell,easpinelloq@yelp.com,Female,418-728-9910,China,16-03-1995
910,Rena,Ferencz,rferenczp9@mayoclinic.com,Female,602-268-5466,China,09-02-1991
914,Jehu,Vivash,jvivashpd@typepad.com,Male,975-776-6679,China,23-04-2003
916,Brock,Dearlove,bdearlovepf@marketwatch.com,Male,924-742-4737,China,16-06-2004
921,Joey,Stearn,jstearnpk@msu.edu,Female,844-577-4764,China,06-06-2008
922,Robbert,Pleven,rplevenpl@stumbleupon.com,Male,432-195-2359,China,12-02-2016
927,Ambrosio,Morit,amoritpq@tamu.edu,Male,315-816-1460,China,22-09-2011
930,Carlita,Meiningen,cmeiningenpt@shareasale.com,Female,975-720-4748,China,07-08-2018
931,Jessamyn,Goodnow,jgoodnowpu@domainmarket.com,Female,206-526-5026,China,08-04-2017
934,Laurella,Cleland,lclelandpx@tinypic.com,Female,425-846-3467,China,06-12-1992
937,Felicle,Few,ffewq0@nbcnews.com,Bigender,686-151-0310,China,23-09-2007
938,Aron,Sedge,asedgeq1@facebook.com,Male,966-317-2678,China,27-01-2009
939,Renata,O'Fallon,rofallonq2@wp.com,Female,234-893-9678,China,26-08-2014
945,Cassie,Spaven,cspavenq8@etsy.com,Female,308-387-9512,China,30-09-2010
948,Maryl,Branford,mbranfordqb@freewebs.com,Female,339-658-6010,China,26-10-2017
949,Charley,Millis,cmillisqc@google.com.hk,Male,691-688-3974,China,28-10-2013
954,William,O' Sullivan,wosullivanqh@buzzfeed.com,Male,830-724-3138,China,27-06-2001
961,Anthia,O'Skehan,aoskehanqo@naver.com,Female,131-365-4150,China,20-01-1993
964,Luci,Havis,lhavisqr@stanford.edu,Female,852-263-8434,China,19-12-2016
973,Broddy,Corkel,bcorkelr0@psu.edu,Male,863-279-0177,China,06-01-1999
980,Myrtie,Canning,mcanningr7@netlog.com,Female,287-466-4211,China,04-09-2000
982,Tanitansy,Drakeford,tdrakefordr9@ox.ac.uk,Female,489-662-9904,China,07-07-2001
990,Marcellus,Zottoli,mzottolirh@state.gov,Male,183-405-2323,China,17-04-2011
992,Adey,Jermyn,ajermynrj@homestead.com,Female,983-795-0481,China,30-05-1997
997,Eveleen,Buncher,ebuncherro@reuters.com,Female,764-482-1405,China,23-09-2013
